Fe1,Fe2,Fe3,Fe4,Fe5,Fe6,Fe7,Fe8,Fe9,Fe10,Fe11,Fe12,Target
13.826166356831251,-12.684227992627047,12.64583414966038,6.938257603070909,1.4341680296030968,3.873297220153209,1.214595897320301,2.131573583671484,4.101265727851246,4.977141927738577,2.4758034711394914,2.6660643983852466,0.0
14.423010649979636,-13.687151063598453,13.637553232551154,2.5002294099102507,1.5704571421777809,3.0713980372502045,3.8361994182958608,4.86488845451717,5.8414146941619,6.643053651241592,2.968905829877851,1.92796541462712,1.0
12.969076435500751,-9.292158340642647,13.90843707253373,5.476703374862664,4.484676937341247,8.820589858241574,8.712635851414742,4.343232920228189,2.952836645908483,3.957839892163164,1.2007028104660662,0.7910158802720048,2.0
12.585089884789555,-11.31620878195588,12.984018866175862,4.3674016515784935,0.7682287469648835,0.5587659966633279,-0.6005449374693247,2.950508952255414,3.84273407688673,8.261034680842828,3.326266519354298,1.6158591588886062,3.0
13.630191863899377,-13.826125274727389,10.86590639375019,1.8128145255115853,1.5251433436372617,5.304581341571956,3.593793477152072,4.086090524715525,3.0273846624843963,4.901214298056427,4.030547168663772,3.319416117113039,4.0
15.263613663014054,-18.49076031910399,7.125853153857774,3.4453298694407875,-1.26030947074848,4.997331429063525,4.06465435397515,3.0012018806778977,3.6310845371414073,5.67442564945863,4.05904338810591,1.290322111005347,5.0
16.368567797472096,-20.25803683903452,4.861706546214082,12.059828409314765,-3.0570299462334454,2.0823509279748342,8.191052957022535,4.652822234017092,1.2480233014310582,5.29461760357823,3.988587715853333,0.4329808339663431,6.0
14.530072580205273,-16.321594381612584,9.120055208095446,4.538796361812551,-1.4925032436520065,4.744734431235956,4.8654043364493065,1.6460039447397412,1.7180946598041589,3.98702245919112,2.9680770484656933,2.558175520257607,7.0
14.925852365275238,-13.806911140735965,11.038254261410865,4.622787839936471,2.7523951324251272,6.956544360066975,4.885530659866757,2.292388639265013,2.4054714514392144,3.4493516302766274,4.40985839790635,1.8293542616280145,8.0
15.15297632464151,-13.6156588810962,11.37841288282684,2.5997416647763765,3.34209313845716,8.825042932799168,4.248628368049271,5.147598327128132,3.890636013064879,4.679820406616569,2.849186812540113,2.540622703713668,9.0
15.098530489088708,-11.507163107976314,13.705506704831643,10.321562264923877,3.934786717931245,7.147460433541302,4.7457109207749815,2.3698867428039114,4.0990035151333455,4.799893802020985,2.0713921717416843,4.402948979077523,0.0
15.023401162739932,-14.417399990983668,12.896135261470649,0.4803904983356021,-0.0231624172777139,3.765074505858277,4.799358733775506,5.154042196911974,8.045745338233267,7.910128462478091,2.489299144536317,4.333862219414165,1.0
13.523110682864372,-13.170745412452195,13.89280427761168,3.9776327369199342,4.032248602587229,6.846749095625235,7.016207659143631,4.535367140387713,5.593774013641558,3.502511929736901,0.0991940084881434,0.8001971431568994,2.0
13.889616446989844,-11.417724494100923,14.293091675084376,5.806480966354166,2.3978761286030554,1.489611086773724,0.9695385423605564,2.583865296106274,5.151342240073242,7.406787754769802,3.244505689547152,2.18118910183734,3.0
12.972522968125508,-16.330342344707574,8.65069220470895,0.6435034970181507,-0.5247874398486096,5.619735214742784,5.034367497462176,5.197723949951912,5.149362497163745,5.820337636969487,3.3606122448329403,4.113966922907858,4.0
14.906662061122118,-18.205732360970625,6.420969156541176,3.277650287221856,-0.2113149035346416,4.678603807145535,4.397361254814241,3.6118118963143857,2.800106161233048,5.291813924141816,3.953230053239955,1.5444084599165264,5.0
16.460919764038863,-21.268049780660668,3.96548687040091,10.892557865392773,-1.813090299847435,2.7080090209977112,6.119649884299965,4.693071826995697,1.2037759226995897,4.224103645975457,5.680050395346922,1.2931585036521358,6.0
14.311418854569672,-18.412592793433944,7.227985691071218,4.514558658340224,-0.9853956885809154,4.083455545294949,4.875463514687643,1.9141923934148577,0.5729411124179807,3.202058709304663,3.043058192639174,2.908746850578296,7.0
14.857550263685656,-14.987916147660387,10.961823331134614,4.571705601319846,4.05679689984297,6.248361509932274,5.208759001194585,2.411921757936596,3.0323219225591327,3.7145701468556775,3.639056465357149,1.934737703158794,8.0
15.41171515061222,-16.371159250274292,10.770386098507691,1.7369677276185256,2.292036916088448,7.863330380302936,3.892940181767719,4.339698413476746,3.957925825316417,3.87532799077727,2.3469459898169527,1.3698467579122886,9.0
15.204638657169772,-13.764454192730504,13.457532922738224,7.064548173275853,2.196089184995744,5.133972897378357,4.464815159700441,0.8704495811042419,3.270939708484561,5.504076572201174,3.167283026847071,2.1933319097356687,0.0
14.820069844380985,-12.382687239542095,12.123040413123588,0.9065651023624296,-1.838668302537211,2.993688239157193,2.875390191500255,5.299898511971545,6.093977649623014,7.51707292146892,3.7129386834400857,3.209968666518117,1.0
14.458417889007306,-11.849339794404596,10.37737859711454,6.053234042543269,3.329211350185584,8.169357323511601,7.749355623394617,2.050652457667239,4.881726971728569,1.2153854285181942,-2.222481171822006,2.6414652305038566,2.0
14.337034825527478,-9.927944085537264,12.373296742562887,5.8879588768754125,1.4647218802030342,1.8689411981117443,-0.1071300325463519,0.9969365865070036,5.313911021078224,8.343539667096291,3.6038767008824335,3.012518350555405,3.0
13.53246972127274,-16.327156428213954,8.361508113206131,-0.5910762251442473,-0.7965009552705768,5.194388661366536,2.7296311524270567,3.2014984979679766,4.2137394238878665,8.28956051922547,3.8200143355750686,3.805167729512654,4.0
15.244093643108204,-15.5417573510508,9.053531417788076,1.9593515436558848,-1.9956009540351467,5.057092902096522,4.093870068528194,1.5468596660782108,4.428025808354907,6.409913442437867,3.482281382022858,3.3393011298811337,5.0
15.517854112129893,-19.84265799146951,3.4811474174604475,12.27581062978848,-7.656012165853705,2.4042871784075848,5.840963381686507,-1.549589115978809,-0.2015925262367983,6.750733790550104,1.4903035634250026,2.647777236491954,6.0
14.605029820287047,-16.501376029149856,8.474680159106095,3.4477038312542683,-2.7061062484446543,4.247065818262858,3.2197756865420657,-1.3556646644944097,0.3118853657924148,4.602648752390413,3.1765665620917387,2.113075588594062,7.0
14.792391694875011,-15.227894027104217,8.373979143668032,3.0689270315289217,0.991193476376108,5.158392295655665,5.174187579553486,-0.6956135754713023,1.1289251008158288,3.956868874517959,3.499013693095957,2.7938707398841163,8.0
14.902180117589548,-15.878381407468298,9.30089113822944,2.135512313341685,-0.0289447879962138,7.175032017759457,2.540163580460928,2.5113748863629164,6.061831720401697,6.652219824794095,6.205448715683006,3.763101398918169,9.0
14.907173955538568,-11.044453170679834,12.055529270204458,6.9834892455370285,1.2623087011409584,6.450255672697626,4.716093005584754,1.050890537022796,4.014554439834547,4.661118777931292,2.467140817590672,2.2799686295659134,0.0
14.829638207004976,-15.203572065408547,11.49656903687616,-0.0742220058801528,-0.089656322633213,3.237614124425379,5.3362118772279885,3.4722496390751627,5.457426524662527,8.732119021572242,4.40026691436522,1.7262906826130775,1.0
13.348703618130216,-13.141891695300297,13.352667564976697,3.730791532244227,3.928961929315452,6.992372790634989,8.237748918210226,4.156621614701498,4.113487572315346,3.8760390466017993,0.9234652339292692,1.72467744662548,2.0
14.096063835780212,-14.45522299596906,12.749535441830872,1.777055603520973,-0.1429552962212065,0.9154276956497202,0.3654840936318702,0.969597825498908,3.890847064591839,6.3402236246206405,4.459001899654275,2.2093854358007,3.0
14.64371903943282,-16.08466295635697,9.59093305118832,0.2473083051607719,-0.2813152149016339,4.939295912164636,4.3964050732828905,4.3026367915636285,4.698707620730606,6.80322737660569,4.500253020042607,3.366350770992374,4.0
15.228089320840676,-17.503653434481016,6.01558334174164,4.412021868402809,-3.7213207396551855,6.062722517938461,4.525219371044266,-0.19122568293855,5.021299092877794,6.516965173282863,3.9447083836229058,3.3825165248302693,5.0
17.412652468803262,-23.3611448718346,1.646212750133923,11.772158703106523,-5.697505522068512,3.91722114091738,7.004466266538561,1.3924019869520097,-1.286453338740584,6.334875076826839,5.049228884443867,1.263693625750001,6.0
14.351028382738305,-19.387577256420816,8.317744543641881,5.282398309701258,-0.9164454787539774,5.565764326642827,5.072432138298792,1.3343454658819254,1.9389762381550284,4.790995057403996,2.93623955341835,1.928949223003989,7.0
14.766376781530369,-17.438732752318185,8.947264195951794,3.2961921780038725,3.511326929798977,6.42394985687062,4.662997159997645,2.0805224754960285,2.5522027361153463,4.380547547928174,5.0642939298176834,3.2396355709119664,8.0
14.09555007221335,-16.781419696168,10.487525270555796,2.0070213580896548,1.8176446562803807,9.778379704793409,3.89465038394697,3.4154213882522964,3.910213107396415,5.765844569277314,4.208669260902027,3.246720937280966,9.0
15.574489040195242,-12.936267752718154,14.231622237979895,7.39646160342062,2.8939848573910187,4.359679151944459,1.851864254238659,1.5254540547223263,2.739567797926828,4.259546192114627,4.198665914880249,4.523787303853096,0.0
15.876538196256996,-16.44118676363613,11.451404598563975,-1.1748845153420309,-1.170038359960886,5.598171901874816,4.445050370733716,3.8760478613541873,5.360014579476865,8.598732943496309,5.414252520445471,2.038379294094779,1.0
14.423511085657331,-13.55953437362965,12.759334239280376,4.180369186412876,2.1219058100607686,7.919919681206789,8.251373389814807,1.821372441215546,3.7536645393374624,3.6542301322370734,0.5821208854653632,1.7092064235991544,2.0
14.927486811430796,-14.14413581745929,12.6012916215082,3.499025778522502,0.7280862455875023,0.2550959474934662,-0.6845594888453228,1.121568780961815,4.819165037915179,9.53654634715151,4.641088399730972,1.5639817459835017,3.0
14.694350271097164,-16.57304230582111,7.106193345564679,-0.7604714573562907,0.0344533867534017,5.881364296372839,4.719215767041813,1.1606227351243774,0.7250908361252619,6.84854322132063,4.147280732834757,2.8021516118171186,4.0
15.773525069386054,-18.451213650149125,6.172533025420119,4.349251916599909,-3.480409607383604,5.3636494770242695,3.870501338352722,-0.9438669138066316,2.9476422507025744,8.045691402625845,2.20986462023752,3.022369411850577,5.0
16.781596522537086,-22.64616521454417,3.580904713830011,11.570523252858562,-5.25812485227402,2.171004741983473,6.870907499426038,2.1209826347046645,1.1995313054793597,8.21336868938267,4.87320114989285,0.4439390859899343,6.0
15.167419747230882,-17.246134448527183,7.190765258389595,6.39062392633898,-0.1588670989925148,3.3916323680091107,3.728605683487863,-0.0812631140769434,0.1910453292092904,4.706495971423828,5.133952651876807,3.450642018633181,7.0
14.69291824883681,-16.089647919216812,9.211302417334544,5.5132501132089216,3.8529311179115786,7.585747363118546,4.36188021973728,0.5750661021574444,1.3125359703213502,3.920014456171462,5.447775194885182,2.486630191578221,8.0
14.5371906439937,-16.81187546559917,9.172175370198945,2.2100248331213104,1.63837074680713,8.233720500744477,3.1335604892597795,2.454175697879791,3.132136315315205,4.897356325941404,3.1126357580220243,2.0628310511228207,9.0
15.495806251989254,-13.88367723273178,12.962065418969056,5.889115388669782,1.8539721188367868,3.15194283778747,1.6929622143609115,0.0963214362374572,5.048167195674465,5.495240867590701,1.2433373705705129,2.681700455860205,0.0
14.99857842743745,-13.479260084429283,12.0121809375046,1.0901834614945964,1.822234574154629,3.42541149920796,0.3739786726249495,5.582497514314788,11.40977066196797,8.539401619864245,1.1233664788402329,2.216862914045496,1.0
15.625795906108744,-13.682562399822356,13.521121671928997,3.033854641210317,4.142580892009121,6.399619703556985,3.657769313802524,2.788420471364939,6.378419685306529,4.112382760512372,-0.5386115933415867,-1.2556885706377214,2.0
14.92003104052642,-14.258336964355689,12.39449444199932,1.687421109067489,-0.178066087103826,-1.266441752913704,-1.5403872825312448,2.968078394129271,8.797962273621728,8.069903076101886,2.663720060737925,1.9279550336560831,3.0
14.4904734376755,-16.786595970871804,7.250657866637389,-0.4498182311230478,-0.6512077383409929,3.1483583102352863,0.6860187874474695,2.6155699355661897,8.499405047706027,7.375548088140282,2.041701690599186,2.460568846919205,4.0
15.656096315425057,-15.064576030985812,9.033930475992593,3.796326701337636,-0.5716721663615372,5.2842951925973445,2.466541441531081,2.710969626896789,8.793421439527757,7.084402152696169,2.3696694513041408,1.8038014673020064,5.0
16.886324658827533,-22.97360225273092,3.063167897346706,12.089459429339698,-4.8593070396046185,0.7533226067136576,4.367064609361766,1.904808835435884,3.869466832239553,6.218697690542251,5.026181568172579,-0.4640185392945202,6.0
15.17077323701815,-18.96628394023013,7.479881612889243,5.09251376557264,-2.3485575692734275,3.10926035537058,3.896088666697425,1.459060991780733,3.150738753055598,5.186050704549662,3.0351241040437245,0.6974027984966721,7.0
15.770567216966208,-17.081087140168368,7.99638844381866,2.2584907287135225,4.036878616824587,4.8907445911474206,3.059534462915883,3.26491298247412,5.142096453034659,6.721902618118072,2.801407241229957,-0.9332350899967404,8.0
15.698020267320564,-17.336593896969852,8.624458092419568,0.0592149742222302,0.8128693708817414,6.151831421626375,-0.6218292642212138,1.9102873773212683,6.076631197798852,6.397139335213227,3.657634457743161,2.778292606866234,9.0
15.786059736264152,-13.395746043476544,13.525939448587588,6.608240391343797,0.7418722845114974,3.662493477818907,1.412666956663186,1.5637042169854427,5.835826580251092,5.563357151104898,2.324853844135333,3.379056589195626,0.0
15.048889730239166,-14.989868733555465,11.18751476936712,0.0275690338835069,-1.291362742157746,2.075451853081301,3.651841846576904,4.72447621644197,7.041424652045821,8.7158671173131,3.3774138114226746,1.4164316162612185,1.0
14.734375977290997,-14.128088500014734,11.666887883622516,2.318480394709273,1.842509033339776,5.7969790185206325,6.702363931722124,2.7324881449023706,5.283224385872284,3.101846192363799,-2.0708876973466204,0.8455529729676985,2.0
14.998501812660791,-12.894085951638036,13.460712422925765,4.506828546974399,0.405297700549941,-0.5324650564241348,-1.464268332734991,1.2227930164599743,5.063130175946883,6.321741128395069,3.631755044536985,2.1376702227231603,3.0
15.408928750256605,-16.56395401317288,9.048181614868584,2.600370775311569,0.8078891787649262,4.904535495084715,0.8349498429668892,3.2628526519938954,5.803837999389856,7.9616838484133075,4.080151541354091,3.1484031691259977,4.0
15.908661241743488,-16.50810055520338,7.512586733902677,4.07581398399784,-2.0391240860273894,4.710479090397248,2.367844730796994,1.4689084416313622,6.046838461149039,7.736798482882302,2.105573051359957,2.0850690454103247,5.0
17.244730310776866,-21.22238077107845,2.1056398244316026,14.28725464074219,-3.1123344060951705,2.662459130742114,3.759983123116816,0.508722775502717,3.212218132850688,2.143806802398516,5.279584215106772,1.697420691724201,6.0
15.479718308694457,-15.946397760073037,7.764760068971147,4.934373821232469,-0.7729366903289895,3.375635451409628,0.8580898468676039,-0.7247858141871257,2.120086150852208,6.508022964465908,6.05626287419557,3.985665951300725,7.0
15.310338684377202,-15.353134953224552,10.33663290989772,4.495541576618479,4.532760899674472,7.124790255510307,3.68349844121653,1.173464356116397,5.016940656364936,4.490456068831565,2.254006469354024,1.2142507455714044,8.0
16.11712276704263,-16.876205983463493,10.992386074445523,2.9307991110489087,0.9926844584194708,8.20001156609473,2.5059692496569075,2.9544582399962565,6.327686461995259,4.895526673941255,3.087604064295124,1.467891723944499,9.0
15.23776922557632,-14.124451232800466,13.650162173339416,6.071856061147042,0.4261235327027099,3.7718996885691807,1.877561928496977,0.2478207656958658,2.6579741276631137,3.810426525326652,2.444075026102797,1.083358217908481,0.0
15.12477665071103,-17.368021164182313,10.409137452484533,0.2535242507435792,-1.9930417495886457,1.3540799525745644,2.860616849352665,4.442852344965989,6.278799527725668,8.667241518165646,2.675908537301182,2.991700347747461,1.0
14.53269597552094,-15.306627260318406,12.607916987807494,2.4329823350799824,2.183944831218876,5.390214009229059,5.566641530030864,2.1311260635443348,3.1796449283684725,2.9550833706283903,0.214964043921267,0.6887674729094978,2.0
14.192572660000687,-15.23473012406374,11.999765905060832,2.811975201476297,-1.1113497606577378,0.5328730245365243,1.12292416296042,1.4627649522677657,4.595593554166674,7.086257555959106,4.332035638578629,3.413391290396992,3.0
14.075560293355895,-17.942271152376943,7.85096419555861,0.1921115751455132,-0.9066570859536256,4.809499314686147,2.61244579413486,3.8882943482971455,4.568477175685401,6.168007960703906,3.560788081439332,2.115628741693603,4.0
15.07951787607096,-17.02014047088311,7.63876732139376,1.6764565233132205,-1.0663114270331848,3.344652414542056,3.290865964388112,2.4184013470972863,5.713595874981492,6.291199782169936,3.574691721390626,2.4012187127038853,5.0
16.354136978425135,-22.967352033369,3.933559469094317,10.363333976947263,-4.504594690308948,2.7748285051667234,5.690847167787507,2.1583804588908047,2.502465801202822,6.094159834146812,2.978672147877772,0.5467094612908356,6.0
14.321602981262178,-18.17570979698145,8.198873000149758,4.600754189459707,-1.8078030797440443,5.337012943523864,5.002853405314038,2.091090603722088,0.6310103910451818,4.518220790009209,2.875987449165452,2.39501078143012,7.0
14.94368899614233,-16.887696131485686,9.931584713600138,4.242060812531378,2.651944533621472,7.766878076081089,4.97316277091861,2.482145426578773,4.204094531544995,4.373743058080923,3.377347426970798,1.4941861313487783,8.0
14.903787251421866,-17.786415503093313,8.936957284267168,2.853711313358397,0.1355640797997961,9.41267069296736,0.9425282025188322,2.2083713094326773,4.8550282681887325,4.947589706408022,3.324040732211388,3.083395110016556,9.0
14.61903813315286,-12.839633719667562,12.32431675474292,9.730031080982576,1.0133855106974836,6.915239735852228,3.154446903004188,-1.780053402338153,2.39474700784852,3.931138598373992,2.460536266424321,2.9814438567976422,0.0
14.585166704843434,-14.021303084855507,11.595515310301586,-0.959304363770804,0.2907272594496327,4.357416140040247,2.032175383052741,3.19799302390596,5.091698885473403,7.403347070026131,1.9645708067422216,0.9910330031382986,1.0
14.663810607692056,-15.500113150606635,11.646323532568887,3.0291540314862044,2.773964707403457,5.268474193385792,4.5781652152612375,3.008746588622608,3.195063561867486,1.219522347464701,-1.5002962926612171,-1.533138832878001,2.0
13.620076799623414,-15.146923412012958,12.04305824975082,2.0574314335567765,-0.8974941231935556,1.1186817886378848,-1.038705475190543,1.352667606793377,4.655427789267564,7.474637425366834,3.556182865141237,1.1212827622824009,3.0
13.797268257851403,-17.42049772649475,7.557009776661248,0.3552312342008898,-2.4014432517199635,3.827198245116034,1.6846806004256938,1.4485004309603715,4.221658338805129,5.180685986544898,0.7301049576733452,1.1554154350715224,4.0
15.079631513202978,-18.511796126162928,6.065381327436263,2.684625449386257,-2.9993622450933257,4.427033749937289,2.453837923295687,-0.3467123974359118,5.045089400544379,5.656767309172015,0.7462519133710382,1.8747014096463224,5.0
16.568818774111755,-23.43186987963512,4.015645695249994,11.658569435441526,-5.493409970660978,3.723456678006728,5.224528837898577,0.1527291636703475,2.900185654677595,5.65480696636016,2.4654077005447568,-0.5735717569769914,6.0
14.134929835541389,-19.440960014421982,6.015136172169744,4.5381354753511065,-3.354186844271515,4.403106471731034,3.108572155821939,-1.595009309182051,1.7967170613048935,4.471926798113895,2.176189264623699,3.365895717702628,7.0
15.913782755551214,-17.690973436781864,8.1761035780791,5.4662564867722825,3.347657219602182,6.415506753038175,5.144593006045398,1.8603059977220868,3.5249215359856123,3.547350139705981,3.1283736749914337,-0.0174988154003968,8.0
15.183925704861426,-16.735117466108008,8.127023430340468,2.6772035828761664,-0.2367833238159896,9.194214295368203,2.098348219380309,1.1924865847818067,4.734610483779467,5.5463451852166825,3.0239730107675884,1.5342269650312466,9.0
15.754979578836505,-12.253867923761796,11.48221057555022,6.438762318662912,2.870788478898646,3.832179287651397,-2.662884871438808,-0.2429463778315146,8.833183519592607,4.415852511401423,1.6185932376793244,1.3640704185020889,0.0
16.0895217004492,-13.903210280170546,12.234071990454744,-0.2026540265282735,-0.939906854783956,0.7411388945793432,-0.7538335538513217,8.730244236876217,12.538202787601673,8.798756698538424,4.034256676124764,2.7436654293168026,1.0
16.006360554339015,-14.96211611348719,10.56440704418014,2.930621045771726,4.020569842177782,4.760435317784134,3.650980687794036,3.102353525776785,8.793201247179018,3.4907816392843745,-2.767233384720872,0.4085437847073546,2.0
14.774752762552662,-15.253403857183264,11.559962327138251,0.1052553005355244,-1.40969022429795,-1.6707709518284215,-2.481957190903928,1.6673693513820147,9.681255625475108,10.105025879524996,3.583398407609478,-0.0762368926075543,3.0
15.267881673040137,-16.38611979510621,7.480809822094367,0.463626258188439,-1.4621049818798255,2.324426543180171,0.2505424089622709,4.745897505230354,8.924320996551696,7.900404759028454,3.384494404220552,-0.2724959251090419,4.0
15.999565984659792,-17.996339297776995,6.642357711324215,3.042295166901376,-3.228156874244674,4.72787694751449,1.6551484587124747,2.4111505739994508,9.553465684452538,6.5325592146220215,2.336642549470934,0.1090209006317296,5.0
16.716552712030513,-22.22896305187973,3.970977599653801,13.883611914247243,-5.083086449789088,2.2501888664888114,5.835263561190918,2.7471116304601133,6.143384618107624,6.633899573615484,1.8423188736472,-0.8518440753097558,6.0
15.556383063105107,-19.694229650238544,6.479626744062208,5.990788892991172,-2.7591116748564337,4.140250508168004,1.4927950426015713,0.8910261502606516,5.8170834097140185,5.153075337701739,2.49216579470438,0.2579000559348849,7.0
16.703436151079377,-17.1430703996415,9.765065689722416,3.524996736721406,3.102077454288371,4.529422629725081,2.598171263385032,3.7808389171303953,9.151974197848078,7.377399111628932,4.25155354487455,-1.21920952996084,8.0
16.344674689175605,-18.2238535268108,8.646347244079317,1.4540512854676684,0.1101611081853922,5.518819599908391,-2.6231111784587715,0.9605266972898564,10.466852015427015,6.738853248332161,3.5538233574193194,0.1598172355989264,9.0
15.488263537105745,-14.80313054136483,11.174854575541024,8.033231263275587,1.1809488407515498,4.2939184914293165,3.3152931199805744,1.5530271834199247,3.0103271702023875,6.14085422967322,0.4505410278196318,-2.305429488173657,0.0
15.642814812007735,-16.91368857317809,11.267142552348288,-0.6375307475036739,-0.3419224832716845,3.726198888433808,4.9018166018640255,7.321140152691101,9.1635376669703,8.7329827847107,-0.2591176682862388,-0.6376275123102466,1.0
15.065387764011474,-15.734754477885724,11.441921553610612,4.183431983847742,2.051318837806272,6.051841868601138,8.643251101255917,5.926221598245665,4.269755402194446,2.7335636401071954,-4.654497786587789,-5.035846906978166,2.0
15.829023517287386,-14.40351774066305,12.843583388861552,4.941086793793733,3.672759417884445,0.2429495485434798,-0.4492783561504915,7.463284263144973,8.990770042233246,9.743084334639525,1.6680496912435243,-2.282497026195835,3.0
14.270903625515189,-17.600442843599545,7.205214314339488,-0.2641656793922915,-0.4399825972067926,4.397915686204204,3.694996782770192,8.206974900534913,7.177858801345422,5.155236926564352,1.840772173970844,-0.3387709751482115,4.0
14.874656711692612,-17.931776966463765,6.776465663241808,1.671537489990914,-1.5349222856062863,4.2613189163638845,5.379682870620203,5.472917660642287,7.203163778360561,7.073755229162926,-0.6116356822793637,-1.281918639799503,5.0
17.695610895076168,-23.772186854977583,4.261505995708044,12.014169658962055,-3.548792560771345,3.6060999091164856,7.031295783610465,6.501722014950714,3.3226868581895133,6.869339778775848,3.127496701138288,-2.409148014849772,6.0
15.20698925076838,-20.18001165186058,6.820824029469785,4.535232521010272,-2.1565455878092115,4.227974217177002,4.112254693462955,2.878216024897045,1.9555976677643427,5.566841324087095,1.6984301059057785,0.5334893832888248,7.0
15.245618487116904,-18.266065396254564,7.651272559698961,5.258506520401486,4.526489917721319,6.654820106173932,6.299707383268896,4.931059510625731,5.674244271937379,5.397689138400047,1.006953600188612,-1.6314588054021066,8.0
16.242974442386984,-19.373866867763645,8.256353307032388,1.832407197374548,0.193661027336243,8.68218547248148,4.704530996364286,6.072552517267078,6.173992258521582,2.650725710744677,1.8295938108386585,0.1943582906274786,9.0
13.128456481529204,-5.924761446709026,-1.9549209009608408,-2.1948635181278844,-5.367455214672193,-3.262495387260805,-6.849487360702527,-8.984636252699856,-3.2958942603112056,-5.333712555425792,-5.756784668876426,-5.197605471163207,0.0
12.62993776926269,-6.331692697228517,-4.417879248873685,-10.539594080059256,-6.88622302833189,-6.320891122112635,-3.642077625362639,-3.3454814236243067,0.3375678976892671,-3.09827000399083,-6.406072105463517,-4.345443599473249,1.0
13.131751128707077,-5.004100302566704,-2.51525266710147,-4.273631511245018,-1.948941141277572,2.055120973685269,-0.2591660224688117,-8.099857800197961,-4.1275649999254105,-7.359466655149498,-6.950370071560757,-6.085224564661396,2.0
12.903785180543904,-6.058772511471697,-1.1817629006346384,-4.016456212441739,-7.532760661384895,-7.671929812284448,-8.824198122519267,-7.0708506239849,0.4991307731804785,-1.171437754529919,-2.447080350425237,-7.027338276175661,3.0
12.983429343472318,-8.973181914955086,-8.040314451261866,-10.128285271977086,-6.712296689165533,-2.100401948332545,-4.34167572542955,-4.786399784656768,-0.7635655316167475,-3.5806745206525887,-2.3051503829381064,-2.7952492916543794,4.0
13.319170815717657,-8.672754237966048,-6.233271603215544,-5.426775969097421,-6.979997911353251,-2.1701499294855053,-3.6634109583356538,-6.626204223600708,-2.5083620130021265,-4.875157091912202,-4.580298467544417,-4.100437657565385,5.0
14.449682513085742,-16.733074760710704,-9.554993908685534,4.913711217798042,-8.812650575295635,-4.221014299774495,1.786605950742071,-6.378442500212455,-4.993009325809965,-5.771467596643703,-0.0882822396905941,-4.364991034656288,6.0
13.241183031804947,-11.705145495906976,-8.04459675657921,-4.690889748591763,-6.933475560584809,-1.054790643889875,-1.5172821415589022,-8.969246878538685,-5.109750577325079,-5.82808508159046,-4.165601953868722,-3.3459840533729284,7.0
13.41526310270268,-3.56791877962072,-0.2187269290721024,-0.4162713187755192,-0.6255864523759236,3.0121000072575312,-1.0685441238934423,-7.813541491174714,-5.231320921598041,-4.245862476361406,-2.5047891088960523,-6.113841806068311,8.0
13.137659665367172,-10.836578777907471,-6.4995048627147005,-7.034844711269614,-5.394084957472827,1.4070799975979065,-4.44731678424087,-8.547001742319456,-2.60726721608352,-4.412069364266135,-3.236187634560103,-4.15036517371515,9.0
13.484916969148376,-5.417594543053163,-3.639718479007152,-0.9548323385301568,-4.1959431584898335,-5.27426476423248,-7.369723408686114,-9.410123492983493,-1.347611983293285,-3.644366068795399,-8.822660482372203,-8.925161279501648,0.0
12.79810974187818,-5.854224424934777,-5.483397877968117,-8.343437576148776,-5.891407347041286,-5.896515058708583,-6.602683156371644,-5.19555645739069,2.152840061886616,-2.262473222208559,-7.096043818373211,-6.468772225741432,1.0
13.364712644000758,-3.716343488663152,-6.587795306511761,-5.895903250566666,-0.485663295292772,2.544559558396776,0.0773113236308046,-9.216918849983736,-7.431779733811681,-5.881679428533975,-7.776514820090706,-8.093255836499834,2.0
13.24190340285453,-5.520633906101902,-1.6353827304297326,-3.709138452726409,-6.606784437229658,-9.437966826753788,-10.082173358266926,-7.129466130938429,-1.272656573904066,-0.0637847635740052,-2.539630096914232,-9.201392520629708,3.0
13.115457874303726,-7.992653697651923,-7.820606975856197,-7.240299024128266,-6.955044377454821,-4.2137387700201225,-5.529390020286607,-6.198656624232323,-3.629082213578119,-3.7001346422114105,-5.768754176573948,-5.232003709575475,4.0
13.583724666630784,-8.292871165849265,-7.505606545284316,-4.311409599794677,-5.869784518120919,-1.2935397183091055,-3.9463583033451135,-6.632389678807086,-0.8891838682022797,-2.3965894699070827,-4.304454460778124,-3.606654618396858,5.0
14.789746107773231,-17.127665300024173,-10.11730317658187,6.164420945526074,-8.562012600210183,-2.6380410485055297,1.8053880847573736,-7.625781599512797,-7.016314706984758,-5.1013622339488425,-2.333416374641843,-5.935735037379351,6.0
13.556024842090052,-11.260202867341622,-6.038852460996671,-1.0977713585097577,-7.330745670120131,-1.929660968788175,-1.5375612538988477,-9.939639976550902,-7.169402389130819,-7.293100791515212,-5.655932123613084,-7.345968641141964,7.0
13.39735770513426,-6.631040296443775,-6.335734346181047,-3.478531025724915,-1.9177257493233424,2.2700097581563394,-2.254696436647651,-9.483185648099871,-5.272450524630182,-5.1551702953785705,-3.2183971381399443,-5.850282681023061,8.0
13.560367798427974,-7.848591581845534,-8.118881588039093,-6.835754389455312,-1.5210904006385833,2.621489527705261,-4.003670018255471,-7.425124105168079,-2.900548400294876,-4.337343004491398,-5.955313937383484,-6.733772122380112,9.0
13.95625417110932,-7.38029719558165,-5.539591276703967,-1.5295267999427538,-6.12011444471829,-4.897948700707015,-1.3069678239754303,-7.215927149898127,-7.280513619959567,-2.9076023933060764,-3.740613290748176,-4.762222727450311,0.0
12.822388670087596,-7.429317718525472,-3.9791461412206255,-8.171980367750072,-5.983336535986558,-6.020256826466018,-5.2807830464447445,-2.3521256077909896,1.613008876337826,0.752716175878121,-6.450231781269733,-4.84852207912013,1.0
13.53002431470388,-1.785473400453054,-5.574631403540469,-5.723719554239109,-0.2449344441878663,1.728904606026411,-0.8867326186957553,-7.390351208281573,-7.580515765913857,-7.445444150868741,-5.888221818083959,-7.326844328078546,2.0
13.127526853139042,-5.792069282336183,-2.099115554834926,-2.9147875367655462,-7.263860150363096,-9.523841932348542,-9.621591934105236,-7.736954018210087,-1.2529194171390847,0.3609994481827849,-1.8119299250855705,-7.134889240450592,3.0
13.170260957389882,-6.977884432289434,-5.250007833859346,-7.461226733827064,-6.028172073003585,-2.732975614650122,-2.853412917310393,-2.85282781945692,-1.0995933796576831,-3.514521464505988,-3.88243851526538,-6.998299940425137,4.0
14.001668930726323,-9.969767484776868,-7.184226714479117,-3.3294455255288056,-8.145096365831678,-1.8501042607777392,-2.4954725881757125,-4.620303538125671,0.4506768787650665,-1.3364186345515727,-6.544618052199959,-5.374494809099412,5.0
15.573372926220893,-14.439534163581497,-13.785755852348863,11.053659749097998,-5.027354971112735,-7.48670762181969,-0.6050079267901928,-6.123424398955345,1.9915651749603525,-6.301920605736226,-8.355394328791544,1.304333820524144,6.0
13.782099548186912,-12.481217944766655,-7.095925500807612,-0.2246948306224723,-7.628923740884872,-2.442877409900043,0.7758104381668921,-8.985811270264357,-4.336380883720314,-2.6305884160997848,-7.257697748413061,-5.359456816241183,7.0
13.255777764247284,-7.453293512351474,-5.9752332922498885,-2.6895161147914224,-1.0828824322625166,0.7222829298273394,-3.007170809104934,-8.745125601553996,-5.6130698354138255,-3.143873148364623,-3.8346583764421474,-9.23000666386525,8.0
13.988427984807764,-9.97003178954888,-7.798514047951594,-5.701555800665764,-4.403006352935045,0.0524611601282452,-4.224752955355699,-6.957913070111824,-2.8014712672882243,-0.3079289065858149,-5.76165680317739,-8.793955120132043,9.0
13.234784377004154,-6.366101030774308,-1.200576799220998,-0.3382070705603288,-5.587118448410515,-4.268440232809897,-7.110903557548577,-9.718366770048286,-4.738829581525231,-6.740937596408211,-7.052702906377643,-7.015571595826403,0.0
12.842271118720216,-5.861717552649973,-3.385487612528005,-6.3343469390128,-7.6700708605645,-6.582221702325654,-6.036646280968279,-3.022108764616989,2.9397990727093166,-3.462681837138198,-8.594504492773867,-6.064347633298917,1.0
12.884212440692718,-6.922214510255523,-2.36011954830108,-4.537171695532805,-3.950599910626164,1.224585447992025,-0.2119235654906218,-4.298752858681523,-2.573429334502731,-7.39013368039727,-8.936312543505368,-6.853119113000076,2.0
13.230821186452271,-5.117024491920816,-1.4893636893450397,-3.843409610394796,-4.263336808126351,-6.387582793719306,-7.242584022302947,-7.393175817960964,0.1619171777206895,0.7297076516433764,-5.046695980562409,-8.658168797441776,3.0
13.173366797320265,-4.4875818728811225,-5.180445966474856,-7.262669626197381,-4.478253030029767,-2.7623392846094807,-4.244754637726979,-6.61806772438587,-6.559816697550116,-5.54558749890433,-6.045781044258359,-8.979823938145081,4.0
14.006710051881432,-5.477036722744291,-9.570392738975224,-7.256767816873234,-5.520148539898839,2.96151783014278,-2.5976040613841334,-8.355586655550958,-2.727036051477029,-0.7628771166539994,-2.598145380091863,-6.294395104761078,5.0
15.318699157409965,-12.254513634827209,-7.485775400100857,6.750508419657376,-8.775213384492654,-3.293693562809692,1.4454519401802413,-9.3654895231154,-8.34951765271703,-3.1463163129684943,-2.088279688027482,-8.330948375424335,6.0
13.636650079808502,-10.74775839491839,-8.500940010881843,-2.428765431037016,-6.853962628828839,-1.3104972230921126,-0.6887062627964964,-6.796498855440851,-6.594793114613005,-3.848037527079037,-1.6674824712347407,-5.61284935278608,7.0
14.010343854769168,-8.607954728652295,-4.787588984324879,-2.878418504473653,-3.44153378369324,-0.5255931377622042,-4.965001826976236,-8.671682353035548,-5.224148495781901,-4.669145735390161,-3.3147646693353527,-7.0092574768118405,8.0
13.72810802075568,-6.468922366456869,-6.011295387652377,-9.200897951573182,-5.4840997916490375,1.918465555328736,-5.424253865262771,-9.465593549244325,-7.5967850021231165,-4.234286917674942,-5.165263013721348,-5.696728417023526,9.0
14.201247101216437,-4.52845112635422,-1.6054533444980528,-0.0487409290857648,-5.916192286487911,-4.803745849234755,-4.454044983256582,-8.487642691775909,-4.913322819495062,-5.602805553361176,-6.327847434785398,-4.564961385567565,0.0
13.11913552755118,-5.738571155607943,-2.9339969176630376,-9.836637733927914,-9.604450598948969,-7.653575579900322,-4.784837855112308,-3.647400549474756,2.2237580962829764,0.110346768247729,-5.982825021794799,-4.0350850522586335,1.0
13.997475879722622,-2.4198274666986266,-0.5366960972443156,-0.3938181218560114,-2.503087194513524,2.2236243545265792,-1.6808999641674736,-9.21730358814241,-3.5303746611326194,-8.322461643046973,-7.691227688331413,-4.816529785475015,2.0
13.964123004523127,0.0299950904137828,1.1329990221193222,-3.814932618961637,-7.867024558439361,-10.971383887604318,-12.504841948875397,-4.03269429279731,3.513632923725257,1.3801996697349417,-2.593796276855697,-7.87789714662586,3.0
13.46147800659798,-5.953181779446708,-7.799706167799313,-8.635391395027,-8.291431192247023,-3.1739629465898003,-1.9950800289366968,-5.322419328184381,-2.283221965762944,-6.007748941593105,-4.123417673238794,-1.137253033449077,4.0
13.90328643494832,-9.39397607552485,-5.790769987195738,-2.2809861811398635,-10.932150549689773,-1.4313530450600649,-0.8729619163770403,-7.777750584781375,-0.8112628677477909,-3.65264358495818,-3.631653326249717,-3.357396912631286,5.0
16.38329848829579,-16.208483186390403,-11.36949864252122,10.779714150415582,-8.402531880937664,-1.6622133933979546,2.800883092473175,-7.527408025284151,-4.943583429811683,-6.445654765418187,0.686994994205124,-2.2204912975310047,6.0
14.79251999299086,-10.746495271604152,-5.870430377231161,-0.2137396432526909,-8.266098061784426,-0.8714139928283687,0.4615800654340455,-7.939289685390288,-5.073252992802668,-4.686804028009568,-3.5123156869584675,-2.620320414428055,7.0
14.83317492940637,-7.075449555774958,-3.7205145423604256,-0.935702064875273,-2.404898658047928,0.7469800367921062,-3.189017327116224,-9.117976755797548,-5.485145781761125,-6.445172296099834,-4.401035442170824,-5.403357145732918,8.0
14.5814491713939,-6.956707883355011,-7.393466302006904,-6.439467347229946,-8.391384625006186,2.582204098955448,-2.6360977062555504,-7.324017339475337,-5.94083483899731,-8.99449937779691,-6.298893062641402,-1.5844648632847709,9.0
13.597186637271232,-7.396353393136922,-2.768768933331813,-4.46337271105119,-6.818097561582977,-0.9496989936772896,-3.3074170193061185,-7.956989873552503,-3.232174585184896,-1.106828711041982,-5.636011003910606,-5.827999400005813,0.0
12.8139974287708,-8.06720814567596,-3.105168893290405,-8.779505030836868,-8.402965067326507,-6.874429678323958,-4.669871739581615,-1.7636607088359784,2.8957608454386343,0.7204481369546223,-5.480829672785064,-5.524845358882906,1.0
12.988263206156004,-5.208022465212589,-0.245534900721507,-2.445000523383518,-3.745545653476954,-1.5342528396952926,0.0967055870784834,-4.916428105219275,-4.325241331018796,-3.152078310028524,-5.985817763375975,-7.229757223711713,2.0
13.0805640115821,-5.976322320689306,-1.377595476408099,-4.639979887374045,-7.9765306513301875,-9.446396074514263,-8.147454403258804,-5.704490191668091,-1.4483167188166328,0.5005368648134435,-3.318602407916152,-6.816356437425377,3.0
13.350504232127289,-8.418572168998038,-7.284273989737993,-9.934246528521925,-7.015330868352873,-3.794052835699026,-1.264500916521882,-2.7821053471867976,-3.194248940297385,-5.065202948935039,-4.248606303638216,-2.6368548808424843,4.0
13.979717919136618,-9.651446380680584,-8.66740812882101,-6.023855744085404,-7.878298063823211,-1.610567583210532,-0.4310515828354592,-7.218059440100452,-3.574370624326922,-4.624191455809443,-2.929344079502952,-1.5381984948886518,5.0
14.95759024577908,-16.80356035216836,-9.16339413152353,4.471424035210457,-9.00023972384802,-0.951141889020084,1.799546136638712,-9.005317252994027,-5.705530633502613,-3.2547968797929245,-5.460668323722825,-3.435210133379601,6.0
13.7565265643985,-11.292076031179986,-7.851172474390213,-3.974793028264401,-7.53779768683202,-0.981588708525438,0.6338173357990771,-7.267185942247818,-7.110030976684652,-4.908773232544751,-5.508804979692026,-2.6110033184112567,7.0
13.14148652479493,-7.833400141476333,-4.805475948693267,-1.509682086203378,-3.08237852047748,1.805959776390667,-2.0431312987732424,-8.36994789614232,-5.6806822564578345,-3.9649253491884577,-3.5259619189664853,-5.798328355206379,8.0
13.891826595013196,-7.070375153532826,-6.97494201316,-8.266153456667283,-3.2010254103874383,3.8761517988096887,-0.6918637590302568,-6.178829166679827,-4.021950900636343,-2.96281874943016,-3.9907919704386585,-6.180604626596224,9.0
13.320793372169865,-5.67973937784836,-2.5262359627119912,-2.983799349873928,-5.137758943908652,-4.398604798979777,-6.896783748097203,-7.1741880959316005,-7.28725056281288,-6.809510717992847,-4.12611298662287,-6.670413329369075,0.0
12.937168070907358,-5.700145828070877,-4.275054538003335,-7.649738929731627,-5.567830776535116,-5.718535037472082,-6.738929128200828,-2.133883099065187,3.640565954128633,-0.1456897374618869,-7.352755385779278,-7.192683659476016,1.0
13.661265716530124,-1.7374432438233884,-2.8363136030034504,-2.6781640631441124,-1.074594242246986,1.2526957008491797,1.8489022228220864,-3.831529898206704,-6.0306327623727976,-8.564578212620848,-8.862236497852168,-5.880698254158168,2.0
14.203691043523644,1.9596144746929287,-4.463542744771371,-9.007861558469129,-5.852202425746048,-0.633634479936724,-2.0927812742614647,-6.970354325556873,-0.2878449525024865,4.750621005127948,-0.1535196489776177,-4.051640750690388,3.0
13.548984788205392,-6.515890487914592,-9.706243126103546,-12.192521361491735,-8.918549340396245,0.1034115181964228,-1.1576476114306185,-2.3415013314356483,-3.70764889743489,-4.959632625433368,-7.029135164968031,-2.626903450292841,4.0
13.986656115902106,-9.295722882232228,-8.952331379035519,-4.984229221131009,-7.92737071840911,0.8083881164623647,-1.140028021582902,-6.561309175347245,-2.41960296580653,-0.2061498002365694,-6.203812761417003,-4.20233056834629,5.0
15.215461022253692,-16.568951644881864,-9.329645085284568,5.350888996018956,-8.114694818257012,-1.211692249795028,1.7809448526888385,-9.626855102259384,-4.116363518994258,0.1979765081143085,-8.670947632922188,-4.732160132416029,6.0
13.847840302103048,-11.021523164498038,-6.513683341314742,-3.1306562502721147,-7.452578828121256,0.9897683856665588,-0.3083790659955465,-8.822888743221279,-5.580955450431292,-3.5717173517501406,-9.410755332300427,-5.697569909483898,7.0
13.87049070976948,-6.329331200171218,-3.83187546137354,0.7496746164285589,-0.4109101525516049,2.532251032979384,-0.5012459120242408,-8.548063096918941,-5.419558637920849,-3.733578485573557,-5.16732842507331,-7.3080306691757295,8.0
13.796458519476513,-9.585149421795377,-5.147698659476781,-5.823188085072754,-3.9144000113265625,4.517847186336094,-3.324505820996726,-6.037422272523177,0.1153436654539214,-5.908300182741373,-4.754852629597784,-7.159151241565894,9.0
14.24516534602365,-6.30974719191961,-7.3873752979592995,-1.2891945794658377,-0.4921839087701359,-0.2747955683807573,-3.320464442867092,-6.578135153244626,-9.198127197178396,-8.517373658364699,-2.544516540599698,-9.076660922065114,0.0
12.84663935422101,-6.857717578534887,-5.003483902069488,-9.817616074873124,-5.920322296881172,-4.149228234789069,-4.465491785752909,-3.32027678695579,-0.234136804534263,-2.392118218933747,-6.193284435334394,-10.595045236323088,1.0
14.449733485871256,-2.2374208499538675,0.9022851030447872,-3.821682347490421,-1.2196759021114685,4.479654406340314,1.505750912568229,-5.7064520251587325,-4.321656598827067,-6.138126724682062,-7.840795721630756,-8.79200622647955,2.0
14.348150467369932,-6.975878139482591,-1.2119164830593554,-5.446296761588328,-8.11676073292585,-6.085743417942762,-7.117620864720485,-5.521463895068209,-3.5687228257843304,-1.799068463362346,-3.941554384523568,-8.176413741805755,3.0
13.663663336291304,-8.239311719394083,-5.91176892282774,-8.50534211991824,-8.934020227388626,-2.406259405833807,-2.208381192627684,-3.8626141647397993,-3.68635607525749,-4.069140862122446,-4.647344647411063,-7.638313034314797,4.0
13.911256665975705,-8.827584204734055,-6.285247660678177,-4.4583814344283,-9.41702969640539,-4.378870882558894,-2.139080892434204,-5.984831095600301,-2.920036422176467,-3.065580189087977,-6.479406852167885,-8.808902673179272,5.0
15.71923943914734,-13.399399358500192,-10.05108899495102,3.1837336359776147,-9.541430300381377,-3.2540944723014693,2.0403011735074084,-4.521870251865714,-9.749505231696924,-3.6931987562267743,-3.458698321208461,-9.963381469537808,6.0
14.326381678077466,-9.495229774334614,-4.402118920744766,-1.3407759104292676,-8.979475057469068,-4.53552160158276,-1.1332850328158082,-4.93675075083428,-5.315913064079855,-3.789715644994897,-3.792850368466781,-8.066581852489763,7.0
13.937508661799088,-7.050611261197295,-4.324419634536485,-3.714811847465137,-2.908578247548657,2.634508929975264,-1.5130899726250917,-8.829768690637298,-9.390973384643246,-8.291063527874236,-5.593416407931089,-8.103757362895529,8.0
14.488984362568706,-9.514151192319003,-5.7970084184008375,-7.172098943246255,-7.572557424458415,2.0586915300195323,-2.727821267228065,-4.7261372824013534,-5.331409635073852,-4.894831101803061,-5.089218981686047,-8.906386529498256,9.0
13.44642492847963,-3.2673006294423628,-1.686797515451078,-0.8989597188769257,-4.73970585507975,-3.700588739270888,-7.215170764357476,-10.407891758197666,-3.838044029228606,-1.3657696923994418,-8.427137562685393,-7.978222680099338,0.0
12.595350631756114,-6.646580399263899,-0.7508010740059006,-7.175943424462686,-8.005311530193838,-4.6851655974713,-8.089462465447127,-3.728247253591757,0.4630904465920373,-3.8603520493783727,-7.695819798291271,-6.504255972039406,1.0
12.818650470031187,-5.89397643227782,0.1247257896893556,-1.6453473136965326,-3.8749601852772217,-1.844300530642629,-3.2141181784819794,-5.879541944075826,-5.64303348479003,-6.165638544433602,-7.258371791622123,-8.107993263429375,2.0
13.115138935244785,-4.026254328381077,0.1212225138389865,-2.60067947496384,-6.064834685779424,-5.615300643245515,-11.170333923662024,-8.211809485731475,-0.893109696614558,-0.4044828282377705,-4.834892468145206,-8.259947785972113,3.0
12.814430785210783,-8.888355008133265,-5.481330350348658,-8.323906133050242,-8.181904775353475,-2.5381569951844947,-4.268949322224425,-4.970095302743171,-4.179209035463509,-3.477364678052075,-5.05080713129811,-6.589280837328768,4.0
13.8388215669677,-8.529356645790113,-4.826382139934871,-3.985957025449907,-7.922303664476202,-1.8144356845955585,-2.280438302816949,-6.656027214298413,-3.699643832710216,-5.690077935545726,-9.528359440253857,-4.221727534868746,5.0
14.64881819115114,-13.007097012876658,-9.058093226485411,3.248868412419625,-9.229173013798109,-2.963483116758168,0.0043861651143552,-9.817660774131056,-6.656300802292175,1.2242851875091232,-5.318748124030432,-3.182851050300039,6.0
13.413762116845495,-9.633097370923174,-5.213194539969483,-1.934507418465299,-8.648911848187176,-1.2365555596118794,-0.1965338112122179,-6.812460977910612,-3.67084398671515,-4.622213660988355,-8.041668889197316,-5.696797338384219,7.0
13.038723031159297,-6.542038971837653,-4.086730606239506,-2.573517559203273,-1.939717122789216,1.3846554477041018,-2.718845353210137,-10.886237284327912,-8.344203016406563,-4.780787945445066,-6.561639723201961,-7.134040315742428,8.0
13.534988096463383,-10.430730733193805,-3.5288402914403267,-5.064758301161637,-5.938839608285615,2.837232809863369,-3.935094222675275,-7.31671234535164,-4.736467986264606,-8.471580349534628,-7.778907014015475,-4.787138849132,9.0
14.4050016909121,-9.894959248136471,-4.941077193955297,0.206628681963353,-9.138765014909731,-3.838589786191889,-5.128625447532546,-5.883908981592707,-1.151051707189434,-1.2797773906472638,-3.0857907189868565,-5.442768247947192,0.0
13.125241433662744,-8.804363197091275,-2.1540408997494764,-8.688622161450015,-9.58318164701474,-3.42778835651742,-0.358441475377084,-2.903074681086089,-0.8610685019304893,-2.1134410239582806,-8.830613866390129,-7.783676012808214,1.0
14.390461153906864,-10.48207030668188,-3.680584549079528,-5.734971159240746,-8.755190830655662,-2.936512725628408,-0.7725896236598745,-3.8774340626211288,-4.823608717768516,-5.51949644528517,-11.0769272086176,-9.24382609795428,2.0
15.100826177126606,-8.04181279149866,-2.061011875949013,-7.036122772627447,-5.110121033559009,-4.438710608082868,-7.81760778626048,-5.004898936687246,-0.3194373257011412,1.905889527941916,-7.58460732427518,-10.300839189861954,3.0
13.971045154838643,-9.405022286355198,-8.942715271938873,-11.328571369980578,-8.789964356031534,-1.3329066262489528,-0.8521772949501468,-1.4424622297178469,-0.9720883117767852,-2.680803102942916,-6.061492094588804,-6.184913982791876,4.0
15.415495152944738,-8.540709468716617,-8.676070576976027,-9.65626739214716,-8.873989476918899,3.78223436434652,-0.2757333523910399,-5.378142332317358,-2.018818507918533,-1.4749020049870378,-7.729210456996674,-6.186322584590569,5.0
15.923757406032076,-15.761969093425424,-7.677195872702175,5.144566378709272,-7.205930601401127,0.9001980610387937,2.353277531097896,-8.467232310708303,-6.887575419204046,-3.568494818485062,-6.248761001301825,-6.676125182077827,6.0
14.958079568084576,-13.030952869219163,-7.2818079404877745,-5.985307530427328,-10.019190386787995,0.7395200527889237,2.1904981724189123,-7.761346488900948,-6.546000583538042,-4.5010159237407805,-7.206754388045103,-5.90491028902226,7.0
15.535703663231583,-12.589076380070088,-5.7128005895848695,-4.847782085404684,-6.009136251866254,1.1086414912809617,-3.120592879457706,-8.478990905219552,-7.386167253114705,-5.399421828916147,-7.652615537371751,-7.11508648405386,8.0
14.815545959154658,-12.43983346954485,-6.748003497572078,-8.028068784969346,-9.026239428210824,3.3279565808500977,-2.993172100290422,-5.1775862531257735,-4.337855067111473,-4.671222526654246,-8.691431941505634,-5.52178033534747,9.0